Gender,Married,Dependents,Education,Self_Employed,ApplicantIncome,CoapplicantIncome,LoanAmount,Loan_Amount_Term,Credit_History,Property_Area,Loan_Status,TotalIncome,EMI_proxy,DTI_proxy
Male,No,0.0,Graduate,No,5849,0.0,128.0,360.0,1.0,Urban,Y,5849.0,0.36527777777777776,0.024139118809354668
Male,Yes,1.0,Graduate,No,4583,1508.0,128.0,360.0,1.0,Rural,N,6091.0,0.35555555555555557,0.0210146117222131
Male,Yes,0.0,Graduate,Yes,3000,0.0,66.0,360.0,1.0,Urban,Y,3000.0,0.18333333333333332,0.022
Male,Yes,0.0,Not Graduate,No,2583,2358.0,120.0,360.0,1.0,Urban,Y,4941.0,0.3333333333333333,0.024286581663630843
Male,No,0.0,Graduate,No,6000,0.0,141.0,360.0,1.0,Urban,Y,6000.0,0.39166666666666666,0.0235
Male,Yes,2.0,Graduate,Yes,5417,4196.0,267.0,360.0,1.0,Urban,Y,9613.0,0.7416666666666667,0.027774888172266723
Male,Yes,0.0,Not Graduate,No,2333,1516.0,95.0,360.0,1.0,Urban,Y,3849.0,0.2638888888888889,0.024681735515718367
Male,Yes,0.0,Graduate,No,3036,2504.0,158.0,360.0,0.0,Semiurban,N,5540.0,0.4388888888888889,0.02851985559566787
Male,Yes,2.0,Graduate,No,4006,1526.0,168.0,360.0,1.0,Urban,Y,5532.0,0.4666666666666667,0.03036876355748373
Male,Yes,1.0,Graduate,No,12841,10968.0,349.0,360.0,1.0,Semiurban,N,23809.0,0.9694444444444444,0.014658322483094628
Male,Yes,2.0,Graduate,No,3200,700.0,70.0,360.0,1.0,Urban,Y,3900.0,0.19444444444444445,0.017948717948717947
Male,Yes,2.0,Graduate,No,2500,1840.0,109.0,360.0,1.0,Urban,Y,4340.0,0.30277777777777776,0.02511520737327189
Male,Yes,2.0,Graduate,No,3073,8106.0,200.0,360.0,1.0,Urban,Y,11179.0,0.5555555555555556,0.01789068789694964
Male,No,0.0,Graduate,No,1853,2840.0,114.0,360.0,1.0,Rural,N,4693.0,0.31666666666666665,0.024291497975708502
Male,Yes,2.0,Graduate,No,1299,1086.0,17.0,120.0,1.0,Urban,Y,2385.0,0.14166666666666666,0.007127882599580713
Male,No,0.0,Graduate,No,4950,0.0,125.0,360.0,1.0,Urban,Y,4950.0,0.3472222222222222,0.025252525252525252
Male,No,1.0,Not Graduate,No,3596,0.0,100.0,240.0,1.0,Urban,Y,3596.0,0.4166666666666667,0.027808676307007785
Female,No,0.0,Graduate,No,3510,0.0,76.0,360.0,0.0,Urban,N,3510.0,0.2111111111111111,0.021652421652421653
Male,Yes,0.0,Not Graduate,No,4887,0.0,133.0,360.0,1.0,Rural,N,4887.0,0.36944444444444446,0.027215060364231634
Male,Yes,0.0,Graduate,No,2600,3500.0,115.0,360.0,1.0,Urban,Y,6100.0,0.36527777777777776,0.018852459016393444
Male,Yes,0.0,Not Graduate,No,7660,0.0,104.0,360.0,0.0,Urban,N,7660.0,0.28888888888888886,0.013577023498694517
Male,Yes,1.0,Graduate,No,5955,5625.0,315.0,360.0,1.0,Urban,Y,11580.0,0.875,0.027202072538860103
Male,Yes,0.0,Not Graduate,No,2600,1911.0,116.0,360.0,0.0,Semiurban,N,4511.0,0.32222222222222224,0.025714919086677012
Male,Yes,2.0,Not Graduate,No,3365,1917.0,112.0,360.0,0.0,Rural,N,5282.0,0.3111111111111111,0.021204089360090876
Male,Yes,1.0,Graduate,No,3717,2925.0,151.0,360.0,1.0,Semiurban,N,6642.0,0.41944444444444445,0.02273411623005119
Male,Yes,0.0,Graduate,Yes,9560,0.0,191.0,360.0,1.0,Semiurban,Y,9560.0,0.5305555555555556,0.01997907949790795
Male,Yes,0.0,Graduate,No,2799,2253.0,122.0,360.0,1.0,Semiurban,Y,5052.0,0.3388888888888889,0.02414885193982581
Male,Yes,2.0,Not Graduate,No,4226,1040.0,110.0,360.0,1.0,Urban,Y,5266.0,0.3055555555555556,0.020888720091150777
Male,No,0.0,Not Graduate,No,1442,0.0,35.0,360.0,1.0,Urban,N,1442.0,0.09722222222222222,0.024271844660194174
Female,No,2.0,Graduate,No,3750,2083.0,120.0,360.0,1.0,Semiurban,Y,5833.0,0.3333333333333333,0.020572604148808505
Male,Yes,1.0,Graduate,No,4166,3369.0,201.0,360.0,1.0,Urban,N,7535.0,0.5583333333333333,0.026675514266755143
Male,No,0.0,Graduate,No,3167,0.0,74.0,360.0,1.0,Urban,N,3167.0,0.20555555555555555,0.023365961477739186
Male,No,1.0,Graduate,Yes,4692,0.0,106.0,360.0,1.0,Rural,N,4692.0,0.29444444444444445,0.022591645353793693
Male,Yes,0.0,Graduate,No,3500,1667.0,114.0,360.0,1.0,Semiurban,Y,5167.0,0.31666666666666665,0.022063092703696534
Male,No,0.0,Graduate,No,12500,3000.0,320.0,360.0,1.0,Rural,N,15500.0,0.8888888888888888,0.02064516129032258
Male,Yes,0.0,Graduate,No,2275,2067.0,128.0,360.0,1.0,Urban,Y,4342.0,0.36527777777777776,0.024139118809354668
Male,Yes,0.0,Graduate,No,1828,1330.0,100.0,360.0,0.0,Urban,N,3158.0,0.36527777777777776,0.031665611146295125
Female,Yes,0.0,Graduate,No,3667,1459.0,144.0,360.0,1.0,Semiurban,Y,5126.0,0.4,0.02809207959422552
Male,No,0.0,Graduate,No,4166,7210.0,184.0,360.0,1.0,Urban,Y,11376.0,0.5111111111111111,0.01617440225035162
Male,No,0.0,Not Graduate,No,3748,1668.0,110.0,360.0,1.0,Semiurban,Y,5416.0,0.3055555555555556,0.02031019202363368
Male,No,0.0,Graduate,No,3600,0.0,80.0,360.0,1.0,Urban,N,3600.0,0.2222222222222222,0.022222222222222223
Male,No,0.0,Graduate,No,1800,1213.0,47.0,360.0,1.0,Urban,Y,3013.0,0.13055555555555556,0.015599070693660804
Male,Yes,0.0,Graduate,No,2400,0.0,75.0,360.0,1.0,Urban,Y,2400.0,0.20833333333333334,0.03125
Male,Yes,0.0,Graduate,No,3941,2336.0,134.0,360.0,1.0,Semiurban,Y,6277.0,0.37222222222222223,0.021347777600764697
Male,Yes,0.0,Not Graduate,Yes,4695,0.0,96.0,360.0,1.0,Urban,Y,4695.0,0.36527777777777776,0.020447284345047924
Female,No,0.0,Graduate,No,3410,0.0,88.0,360.0,1.0,Urban,Y,3410.0,0.36527777777777776,0.025806451612903226
Male,Yes,1.0,Graduate,No,5649,0.0,44.0,360.0,1.0,Urban,Y,5649.0,0.12222222222222222,0.007788989201628607
Male,Yes,0.0,Graduate,No,5821,0.0,144.0,360.0,1.0,Urban,Y,5821.0,0.4,0.02473801752276241
Female,Yes,0.0,Graduate,No,2645,3440.0,120.0,360.0,0.0,Urban,N,6085.0,0.3333333333333333,0.01972062448644207
Female,No,0.0,Graduate,No,4000,2275.0,144.0,360.0,1.0,Semiurban,Y,6275.0,0.4,0.022948207171314742
Female,Yes,0.0,Not Graduate,No,1928,1644.0,100.0,360.0,1.0,Semiurban,Y,3572.0,0.2777777777777778,0.027995520716685332
Female,No,0.0,Graduate,No,3086,0.0,120.0,360.0,1.0,Semiurban,Y,3086.0,0.3333333333333333,0.03888528839922229
Female,No,0.0,Graduate,No,4230,0.0,112.0,360.0,1.0,Semiurban,N,4230.0,0.3111111111111111,0.026477541371158392
Male,Yes,2.0,Graduate,No,4616,0.0,134.0,360.0,1.0,Urban,N,4616.0,0.37222222222222223,0.02902946273830156
Female,Yes,1.0,Graduate,Yes,11500,0.0,286.0,360.0,0.0,Urban,N,11500.0,0.7944444444444444,0.024869565217391306
Male,Yes,2.0,Graduate,No,2708,1167.0,97.0,360.0,1.0,Semiurban,Y,3875.0,0.26944444444444443,0.02503225806451613
Male,Yes,0.0,Graduate,No,2132,1591.0,96.0,360.0,1.0,Semiurban,Y,3723.0,0.26666666666666666,0.0257856567284448
Male,Yes,0.0,Graduate,No,3366,2200.0,135.0,360.0,1.0,Rural,N,5566.0,0.375,0.024254401724757457
Male,Yes,1.0,Graduate,No,8080,2250.0,180.0,360.0,1.0,Urban,Y,10330.0,0.5,0.017424975798644726
Male,Yes,2.0,Not Graduate,No,3357,2859.0,144.0,360.0,1.0,Urban,Y,6216.0,0.4,0.023166023166023165
Male,Yes,0.0,Graduate,No,2500,3796.0,120.0,360.0,1.0,Urban,Y,6296.0,0.3333333333333333,0.01905972045743329
Male,Yes,0.0,Graduate,No,3029,0.0,99.0,360.0,1.0,Urban,Y,3029.0,0.275,0.03268405414328161
Male,Yes,0.0,Not Graduate,Yes,2609,3449.0,165.0,180.0,0.0,Rural,N,6058.0,0.9166666666666666,0.02723671178606801
Male,Yes,1.0,Graduate,No,4945,0.0,128.0,360.0,0.0,Rural,N,4945.0,0.36527777777777776,0.024139118809354668
Female,No,0.0,Graduate,No,4166,0.0,116.0,360.0,0.0,Semiurban,N,4166.0,0.32222222222222224,0.02784445511281805
Male,Yes,0.0,Graduate,No,5726,4595.0,258.0,360.0,1.0,Semiurban,N,10321.0,0.7166666666666667,0.024997577754093597
Male,No,0.0,Not Graduate,No,3200,2254.0,126.0,180.0,0.0,Urban,N,5454.0,0.7,0.0231023102310231
Male,Yes,1.0,Graduate,No,10750,0.0,312.0,360.0,1.0,Urban,Y,10750.0,0.8666666666666667,0.02902325581395349
Male,Yes,0.0,Not Graduate,Yes,7100,0.0,125.0,60.0,1.0,Urban,Y,7100.0,2.0833333333333335,0.017605633802816902
Female,No,0.0,Graduate,No,4300,0.0,136.0,360.0,0.0,Semiurban,N,4300.0,0.37777777777777777,0.03162790697674418
Male,Yes,0.0,Graduate,No,3208,3066.0,172.0,360.0,1.0,Urban,Y,6274.0,0.4777777777777778,0.027414727446605038
Male,Yes,2.0,Not Graduate,Yes,1875,1875.0,97.0,360.0,1.0,Semiurban,Y,3750.0,0.26944444444444443,0.025866666666666666
Male,No,0.0,Graduate,No,3500,0.0,81.0,300.0,1.0,Semiurban,Y,3500.0,0.27,0.023142857142857142
Male,Yes,0.0,Not Graduate,No,4755,0.0,95.0,360.0,0.0,Semiurban,N,4755.0,0.36527777777777776,0.019978969505783387
Male,Yes,0.0,Graduate,Yes,5266,1774.0,187.0,360.0,1.0,Semiurban,Y,7040.0,0.5194444444444445,0.0265625
Male,No,0.0,Graduate,No,3750,0.0,113.0,480.0,1.0,Urban,N,3750.0,0.23541666666666666,0.030133333333333335
Male,No,0.0,Graduate,No,3750,4750.0,176.0,360.0,1.0,Urban,N,8500.0,0.4888888888888889,0.020705882352941178
Male,Yes,1.0,Graduate,Yes,1000,3022.0,110.0,360.0,1.0,Urban,N,4022.0,0.3055555555555556,0.02734957732471407
Male,Yes,0.0,Graduate,No,3167,4000.0,180.0,300.0,0.0,Semiurban,N,7167.0,0.6,0.025115110925073254
Male,Yes,0.0,Not Graduate,Yes,3333,2166.0,130.0,360.0,1.0,Semiurban,Y,5499.0,0.3611111111111111,0.02364066193853428
Female,No,0.0,Graduate,No,3846,0.0,111.0,360.0,1.0,Semiurban,Y,3846.0,0.30833333333333335,0.028861154446177848
Male,Yes,1.0,Graduate,Yes,2395,0.0,128.0,360.0,1.0,Semiurban,Y,2395.0,0.36527777777777776,0.024139118809354668
Female,Yes,2.0,Graduate,No,1378,1881.0,167.0,360.0,1.0,Urban,N,3259.0,0.4638888888888889,0.0512427124884934
Male,Yes,0.0,Graduate,No,6000,2250.0,265.0,360.0,1.0,Semiurban,N,8250.0,0.7361111111111112,0.03212121212121212
Male,Yes,1.0,Graduate,No,3988,0.0,50.0,240.0,1.0,Urban,Y,3988.0,0.20833333333333334,0.012537612838515547
Male,No,0.0,Graduate,No,2366,2531.0,136.0,360.0,1.0,Semiurban,Y,4897.0,0.37777777777777777,0.027772105370635083
Male,Yes,2.0,Not Graduate,No,3333,2000.0,99.0,360.0,1.0,Semiurban,Y,5333.0,0.275,0.0185636602287643
Male,Yes,0.0,Graduate,No,2500,2118.0,104.0,360.0,1.0,Semiurban,Y,4618.0,0.28888888888888886,0.02252057167605024
Male,No,0.0,Graduate,No,8566,0.0,210.0,360.0,1.0,Urban,Y,8566.0,0.5833333333333334,0.02451552650011674
Male,Yes,0.0,Graduate,No,5695,4167.0,175.0,360.0,1.0,Semiurban,Y,9862.0,0.4861111111111111,0.017744879334820524
Male,Yes,0.0,Graduate,No,2958,2900.0,131.0,360.0,1.0,Semiurban,Y,5858.0,0.3638888888888889,0.022362581085694777
Male,Yes,2.0,Graduate,No,6250,5654.0,188.0,180.0,1.0,Semiurban,Y,11904.0,1.0444444444444445,0.015793010752688172
Male,Yes,2.0,Not Graduate,No,3273,1820.0,81.0,360.0,1.0,Urban,Y,5093.0,0.225,0.015904182210877676
Male,No,0.0,Graduate,No,4133,0.0,122.0,360.0,1.0,Semiurban,Y,4133.0,0.3388888888888889,0.029518509557222357
Male,No,0.0,Not Graduate,No,3620,0.0,25.0,120.0,1.0,Semiurban,Y,3620.0,0.20833333333333334,0.006906077348066298
Male,No,0.0,Graduate,No,6782,0.0,128.0,360.0,1.0,Urban,N,6782.0,0.36527777777777776,0.024139118809354668
Female,Yes,0.0,Graduate,No,2484,2302.0,137.0,360.0,1.0,Semiurban,Y,4786.0,0.38055555555555554,0.028625156707062265
Male,Yes,0.0,Graduate,No,1977,997.0,50.0,360.0,1.0,Semiurban,Y,2974.0,0.1388888888888889,0.016812373907195696
Male,Yes,0.0,Not Graduate,No,4188,0.0,115.0,180.0,1.0,Semiurban,Y,4188.0,0.6388888888888888,0.027459407831900668
Male,Yes,0.0,Graduate,No,1759,3541.0,131.0,360.0,1.0,Semiurban,Y,5300.0,0.3638888888888889,0.02471698113207547
Male,Yes,2.0,Not Graduate,No,4288,3263.0,133.0,180.0,1.0,Urban,Y,7551.0,0.7388888888888889,0.01761356111773275
Male,No,0.0,Graduate,No,4843,3806.0,151.0,360.0,1.0,Semiurban,Y,8649.0,0.41944444444444445,0.017458665741704245
Male,Yes,0.0,Graduate,No,13650,0.0,128.0,360.0,1.0,Urban,Y,13650.0,0.36527777777777776,0.024139118809354668
Male,Yes,0.0,Graduate,No,4652,3583.0,128.0,360.0,1.0,Semiurban,Y,8235.0,0.36527777777777776,0.024139118809354668
Male,Yes,0.0,Graduate,No,3816,754.0,160.0,360.0,1.0,Urban,Y,4570.0,0.4444444444444444,0.0350109409190372
Male,Yes,1.0,Graduate,No,3052,1030.0,100.0,360.0,1.0,Urban,Y,4082.0,0.2777777777777778,0.02449779519843214
Male,Yes,2.0,Graduate,No,11417,1126.0,225.0,360.0,1.0,Urban,Y,12543.0,0.625,0.01793829227457546
Male,No,0.0,Not Graduate,No,7333,0.0,120.0,360.0,1.0,Rural,N,7333.0,0.3333333333333333,0.01636438019909996
Male,Yes,2.0,Graduate,No,3800,3600.0,216.0,360.0,0.0,Urban,N,7400.0,0.6,0.02918918918918919
Male,Yes,0.0,Not Graduate,No,2071,754.0,94.0,480.0,1.0,Semiurban,Y,2825.0,0.19583333333333333,0.03327433628318584
Male,No,0.0,Graduate,No,5316,0.0,136.0,360.0,1.0,Urban,Y,5316.0,0.37777777777777777,0.025583145221971408
Female,Yes,0.0,Graduate,No,2929,2333.0,139.0,360.0,1.0,Semiurban,Y,5262.0,0.3861111111111111,0.026415811478525276
Male,Yes,0.0,Not Graduate,No,3572,4114.0,152.0,360.0,0.0,Rural,N,7686.0,0.36527777777777776,0.019776216497527973
Female,No,1.0,Graduate,Yes,7451,0.0,128.0,360.0,1.0,Semiurban,Y,7451.0,0.36527777777777776,0.024139118809354668
Male,No,0.0,Graduate,No,5050,0.0,118.0,360.0,1.0,Semiurban,Y,5050.0,0.3277777777777778,0.023366336633663366
Male,Yes,1.0,Graduate,No,14583,0.0,185.0,180.0,1.0,Rural,Y,14583.0,1.0277777777777777,0.012686004251525749
Female,Yes,0.0,Graduate,No,3167,2283.0,154.0,360.0,1.0,Semiurban,Y,5450.0,0.42777777777777776,0.028256880733944955
Male,Yes,1.0,Graduate,No,2214,1398.0,85.0,360.0,1.0,Urban,Y,3612.0,0.2361111111111111,0.02353266888150609
Male,Yes,0.0,Graduate,No,5568,2142.0,175.0,360.0,1.0,Rural,N,7710.0,0.4861111111111111,0.022697795071335927
Female,No,0.0,Graduate,No,10408,0.0,259.0,360.0,1.0,Urban,Y,10408.0,0.7194444444444444,0.024884704073789392
Male,Yes,0.0,Graduate,No,5667,2667.0,180.0,360.0,1.0,Rural,Y,8334.0,0.5,0.02159827213822894
Female,No,0.0,Graduate,No,4166,0.0,44.0,360.0,1.0,Semiurban,Y,4166.0,0.12222222222222222,0.01056168987037926
Female,No,0.0,Graduate,No,2137,8980.0,137.0,360.0,0.0,Semiurban,Y,11117.0,0.38055555555555554,0.01232346856166232
Male,Yes,2.0,Graduate,No,2957,0.0,81.0,360.0,1.0,Semiurban,Y,2957.0,0.225,0.027392627663172135
Male,Yes,0.0,Not Graduate,No,4300,2014.0,194.0,360.0,1.0,Rural,Y,6314.0,0.5388888888888889,0.030725372188786824
Female,No,0.0,Graduate,No,3692,0.0,93.0,360.0,1.0,Rural,Y,3692.0,0.25833333333333336,0.025189599133261104
Male,Yes,0.0,Graduate,No,23803,0.0,370.0,360.0,1.0,Rural,Y,23803.0,1.0277777777777777,0.015544259127000798
Male,No,0.0,Graduate,No,3865,1640.0,128.0,360.0,1.0,Rural,Y,5505.0,0.36527777777777776,0.024139118809354668
Male,Yes,1.0,Graduate,Yes,10513,3850.0,160.0,180.0,0.0,Urban,N,14363.0,0.8888888888888888,0.011139734038849823
Male,Yes,0.0,Graduate,No,6080,2569.0,182.0,360.0,1.0,Rural,N,8649.0,0.5055555555555555,0.021042895132385248
Male,No,0.0,Graduate,Yes,20166,0.0,650.0,480.0,1.0,Urban,Y,20166.0,1.3541666666666667,0.03223247049489239
Male,No,0.0,Graduate,No,2014,1929.0,74.0,360.0,1.0,Urban,Y,3943.0,0.20555555555555555,0.018767435962465127
Male,No,0.0,Graduate,No,2718,0.0,70.0,360.0,1.0,Semiurban,Y,2718.0,0.19444444444444445,0.025754231052244298
Male,Yes,0.0,Graduate,Yes,3459,0.0,25.0,120.0,1.0,Semiurban,Y,3459.0,0.20833333333333334,0.007227522405319456
Male,No,0.0,Graduate,No,4895,0.0,102.0,360.0,1.0,Semiurban,Y,4895.0,0.2833333333333333,0.020837589376915218
Male,Yes,0.0,Graduate,No,4000,7750.0,290.0,360.0,1.0,Semiurban,N,11750.0,0.8055555555555556,0.02468085106382979
Female,Yes,0.0,Graduate,No,4583,0.0,84.0,360.0,1.0,Rural,N,4583.0,0.23333333333333334,0.0183286057167794
Male,Yes,2.0,Graduate,Yes,3316,3500.0,88.0,360.0,1.0,Urban,Y,6816.0,0.24444444444444444,0.012910798122065728
Male,No,0.0,Graduate,No,14999,0.0,242.0,360.0,0.0,Semiurban,N,14999.0,0.6722222222222223,0.016134408960597372
Male,Yes,2.0,Not Graduate,No,4200,1430.0,129.0,360.0,1.0,Rural,N,5630.0,0.35833333333333334,0.022912966252220248
Male,Yes,2.0,Graduate,No,5042,2083.0,185.0,360.0,1.0,Rural,N,7125.0,0.5138888888888888,0.025964912280701753
Male,No,0.0,Graduate,No,5417,0.0,168.0,360.0,1.0,Urban,Y,5417.0,0.4666666666666667,0.031013476093778844
Male,No,0.0,Graduate,Yes,6950,0.0,175.0,180.0,1.0,Semiurban,Y,6950.0,0.9722222222222222,0.025179856115107913
Male,Yes,0.0,Graduate,No,2698,2034.0,122.0,360.0,1.0,Semiurban,Y,4732.0,0.3388888888888889,0.02578191039729501
Male,Yes,2.0,Graduate,No,11757,0.0,187.0,180.0,1.0,Urban,Y,11757.0,1.038888888888889,0.01590541804882198
Female,Yes,0.0,Graduate,No,2330,4486.0,100.0,360.0,1.0,Semiurban,Y,6816.0,0.2777777777777778,0.014671361502347418
Female,Yes,2.0,Graduate,No,14866,0.0,70.0,360.0,1.0,Urban,Y,14866.0,0.19444444444444445,0.0047087313332436435
Male,Yes,1.0,Graduate,No,1538,1425.0,30.0,360.0,1.0,Urban,Y,2963.0,0.08333333333333333,0.010124873439082012
Female,No,0.0,Graduate,No,10000,1666.0,225.0,360.0,1.0,Rural,N,11666.0,0.625,0.019286816389507973
Male,Yes,0.0,Graduate,No,4860,830.0,125.0,360.0,1.0,Semiurban,Y,5690.0,0.3472222222222222,0.021968365553602813
Male,No,0.0,Graduate,No,6277,0.0,118.0,360.0,0.0,Rural,N,6277.0,0.3277777777777778,0.018798789230524134
Male,Yes,0.0,Graduate,Yes,2577,3750.0,152.0,360.0,1.0,Rural,Y,6327.0,0.4222222222222222,0.024024024024024024
Male,No,0.0,Graduate,No,9166,0.0,244.0,360.0,1.0,Urban,N,9166.0,0.6777777777777778,0.026620117826751038
Male,Yes,2.0,Not Graduate,No,2281,0.0,113.0,360.0,1.0,Rural,N,2281.0,0.3138888888888889,0.049539675580885574
Male,No,0.0,Graduate,No,3254,0.0,50.0,360.0,1.0,Urban,Y,3254.0,0.1388888888888889,0.015365703749231715
Male,Yes,0.0,Graduate,No,39999,0.0,600.0,180.0,0.0,Semiurban,Y,39999.0,3.3333333333333335,0.015000375009375235
Male,Yes,1.0,Graduate,No,6000,0.0,160.0,360.0,1.0,Rural,Y,6000.0,0.4444444444444444,0.02666666666666667
Male,Yes,1.0,Graduate,No,9538,0.0,187.0,360.0,1.0,Urban,Y,9538.0,0.5194444444444445,0.019605787376808556
Male,No,0.0,Graduate,No,2980,2083.0,120.0,360.0,1.0,Rural,Y,5063.0,0.3333333333333333,0.023701362828362632
Male,Yes,0.0,Graduate,No,4583,5625.0,255.0,360.0,1.0,Semiurban,Y,10208.0,0.7083333333333334,0.02498040752351097
Male,Yes,0.0,Not Graduate,No,1863,1041.0,98.0,360.0,1.0,Semiurban,Y,2904.0,0.2722222222222222,0.0337465564738292
Male,Yes,0.0,Graduate,No,7933,0.0,275.0,360.0,1.0,Urban,N,7933.0,0.7638888888888888,0.03466532207235598
Male,Yes,1.0,Graduate,No,3089,1280.0,121.0,360.0,0.0,Semiurban,N,4369.0,0.33611111111111114,0.027695124742504004
Male,Yes,2.0,Graduate,No,4167,1447.0,158.0,360.0,1.0,Rural,Y,5614.0,0.4388888888888889,0.028143925899536872
Male,Yes,0.0,Graduate,No,9323,0.0,75.0,180.0,1.0,Urban,Y,9323.0,0.4166666666666667,0.008044620830204869
Male,Yes,0.0,Graduate,No,3707,3166.0,182.0,360.0,1.0,Rural,Y,6873.0,0.36527777777777776,0.02648043067074058
Female,Yes,0.0,Graduate,No,4583,0.0,112.0,360.0,1.0,Rural,N,4583.0,0.3111111111111111,0.02443814095570587
Male,Yes,0.0,Graduate,No,2439,3333.0,129.0,360.0,1.0,Rural,Y,5772.0,0.35833333333333334,0.02234927234927235
Male,No,0.0,Graduate,No,2237,0.0,63.0,480.0,0.0,Semiurban,N,2237.0,0.13125,0.028162717925793473
Male,Yes,2.0,Graduate,No,8000,0.0,200.0,360.0,1.0,Semiurban,Y,8000.0,0.5555555555555556,0.025
Male,Yes,0.0,Not Graduate,No,1820,1769.0,95.0,360.0,1.0,Rural,Y,3589.0,0.2638888888888889,0.026469768737809974
Male,Yes,0.0,Graduate,No,51763,0.0,700.0,300.0,1.0,Urban,Y,51763.0,2.3333333333333335,0.013523172922744044
Male,Yes,0.0,Not Graduate,No,3522,0.0,81.0,180.0,1.0,Rural,N,3522.0,0.45,0.022998296422487224
Male,Yes,0.0,Graduate,No,5708,5625.0,187.0,360.0,1.0,Semiurban,Y,11333.0,0.5194444444444445,0.016500485308391422
Male,Yes,0.0,Not Graduate,Yes,4344,736.0,87.0,360.0,1.0,Semiurban,N,5080.0,0.24166666666666667,0.017125984251968505
Male,Yes,0.0,Graduate,No,3497,1964.0,116.0,360.0,1.0,Rural,Y,5461.0,0.32222222222222224,0.021241530855154733
Male,Yes,2.0,Graduate,No,2045,1619.0,101.0,360.0,1.0,Rural,Y,3664.0,0.28055555555555556,0.027565502183406112
Male,Yes,0.0,Graduate,No,5516,11300.0,495.0,360.0,0.0,Semiurban,N,16816.0,1.375,0.029436251189343482
Male,Yes,1.0,Graduate,No,3750,0.0,116.0,360.0,1.0,Semiurban,Y,3750.0,0.32222222222222224,0.030933333333333334
Male,No,0.0,Not Graduate,No,2333,1451.0,102.0,480.0,0.0,Urban,N,3784.0,0.2125,0.026955602536997886
Male,Yes,1.0,Graduate,No,6400,7250.0,180.0,360.0,0.0,Urban,N,13650.0,0.5,0.013186813186813187
Male,No,0.0,Graduate,No,1916,5063.0,67.0,360.0,1.0,Rural,N,6979.0,0.18611111111111112,0.00960022925920619
Male,Yes,0.0,Graduate,No,4600,0.0,73.0,180.0,1.0,Semiurban,Y,4600.0,0.40555555555555556,0.015869565217391305
Male,Yes,1.0,Graduate,No,33846,0.0,260.0,360.0,1.0,Semiurban,N,33846.0,0.7222222222222222,0.00768185309933227
Female,Yes,0.0,Graduate,No,3625,0.0,108.0,360.0,1.0,Semiurban,Y,3625.0,0.3,0.029793103448275862
Male,Yes,0.0,Graduate,Yes,39147,4750.0,120.0,360.0,1.0,Semiurban,Y,43897.0,0.3333333333333333,0.0027336720049206094
Male,Yes,1.0,Graduate,Yes,2178,0.0,66.0,300.0,0.0,Rural,N,2178.0,0.22,0.030303030303030304
Male,Yes,0.0,Graduate,No,2383,2138.0,58.0,360.0,1.0,Rural,Y,4521.0,0.16111111111111112,0.012829020128290201
Male,Yes,0.0,Graduate,Yes,674,5296.0,168.0,360.0,1.0,Rural,Y,5970.0,0.4666666666666667,0.02814070351758794
Male,Yes,0.0,Graduate,No,9328,0.0,188.0,180.0,1.0,Rural,Y,9328.0,1.0444444444444445,0.020154373927958835
Male,No,0.0,Not Graduate,No,4885,0.0,48.0,360.0,1.0,Rural,Y,4885.0,0.13333333333333333,0.009825997952917094
Male,No,0.0,Graduate,No,12000,0.0,164.0,360.0,1.0,Semiurban,N,12000.0,0.45555555555555555,0.013666666666666667
Male,Yes,0.0,Not Graduate,No,6033,0.0,160.0,360.0,1.0,Urban,N,6033.0,0.4444444444444444,0.026520802254268193
Male,No,0.0,Graduate,No,3858,0.0,76.0,360.0,1.0,Semiurban,Y,3858.0,0.2111111111111111,0.019699326075686883
Male,No,0.0,Graduate,No,4191,0.0,120.0,360.0,1.0,Rural,Y,4191.0,0.3333333333333333,0.02863278453829635
Male,Yes,1.0,Graduate,No,3125,2583.0,170.0,360.0,1.0,Semiurban,N,5708.0,0.4722222222222222,0.029782761037140854
Male,No,0.0,Graduate,No,8333,3750.0,187.0,360.0,1.0,Rural,Y,12083.0,0.5194444444444445,0.015476289001075892
Female,No,0.0,Not Graduate,No,1907,2365.0,120.0,360.0,1.0,Urban,Y,4272.0,0.36527777777777776,0.028089887640449437
Female,Yes,0.0,Graduate,No,3416,2816.0,113.0,360.0,1.0,Semiurban,Y,6232.0,0.3138888888888889,0.01813222079589217
Male,No,0.0,Graduate,Yes,11000,0.0,83.0,360.0,1.0,Urban,N,11000.0,0.23055555555555557,0.007545454545454545
Male,Yes,1.0,Not Graduate,No,2600,2500.0,90.0,360.0,1.0,Semiurban,Y,5100.0,0.25,0.01764705882352941
Male,No,2.0,Graduate,No,4923,0.0,166.0,360.0,0.0,Semiurban,Y,4923.0,0.46111111111111114,0.03371927686370099
Male,Yes,0.0,Not Graduate,No,3992,0.0,128.0,180.0,1.0,Urban,N,3992.0,0.36527777777777776,0.024139118809354668
Male,Yes,1.0,Not Graduate,No,3500,1083.0,135.0,360.0,1.0,Urban,Y,4583.0,0.375,0.029456687759109753
Male,Yes,2.0,Not Graduate,No,3917,0.0,124.0,360.0,1.0,Semiurban,Y,3917.0,0.34444444444444444,0.03165688026550932
Female,No,0.0,Not Graduate,No,4408,0.0,120.0,360.0,1.0,Semiurban,Y,4408.0,0.3333333333333333,0.02722323049001815
Female,No,0.0,Graduate,No,3244,0.0,80.0,360.0,1.0,Urban,Y,3244.0,0.2222222222222222,0.02466091245376079
Male,No,0.0,Not Graduate,No,3975,2531.0,55.0,360.0,1.0,Rural,Y,6506.0,0.1527777777777778,0.008453735013833385
Male,No,0.0,Graduate,No,2479,0.0,59.0,360.0,1.0,Urban,Y,2479.0,0.1638888888888889,0.02379991932230738
Male,No,0.0,Graduate,No,3418,0.0,127.0,360.0,1.0,Semiurban,N,3418.0,0.3527777777777778,0.0371562317144529
Female,No,0.0,Graduate,No,10000,0.0,214.0,360.0,1.0,Semiurban,N,10000.0,0.5944444444444444,0.0214
Male,Yes,0.0,Graduate,No,3430,1250.0,128.0,360.0,0.0,Semiurban,N,4680.0,0.35555555555555557,0.02735042735042735
Male,Yes,1.0,Graduate,Yes,7787,0.0,240.0,360.0,1.0,Urban,Y,7787.0,0.6666666666666666,0.030820598433286245
Male,Yes,0.0,Not Graduate,Yes,5703,0.0,130.0,360.0,1.0,Rural,Y,5703.0,0.3611111111111111,0.02279502016482553
Male,Yes,0.0,Graduate,No,3173,3021.0,137.0,360.0,1.0,Urban,Y,6194.0,0.38055555555555554,0.022118178882789795
Male,Yes,0.0,Not Graduate,No,3850,983.0,100.0,360.0,1.0,Semiurban,Y,4833.0,0.2777777777777778,0.02069108214359611
Male,Yes,0.0,Graduate,No,150,1800.0,135.0,360.0,1.0,Rural,N,1950.0,0.375,0.06923076923076923
Male,Yes,0.0,Graduate,No,3727,1775.0,131.0,360.0,1.0,Semiurban,Y,5502.0,0.3638888888888889,0.023809523809523808
Male,Yes,2.0,Graduate,No,5000,0.0,72.0,360.0,0.0,Semiurban,N,5000.0,0.2,0.0144
Female,Yes,2.0,Graduate,No,4283,2383.0,127.0,360.0,1.0,Semiurban,Y,6666.0,0.3527777777777778,0.019051905190519053
Male,Yes,0.0,Graduate,No,2221,0.0,60.0,360.0,0.0,Urban,N,2221.0,0.16666666666666666,0.0270148581719946
Male,Yes,2.0,Graduate,No,4009,1717.0,116.0,360.0,1.0,Semiurban,Y,5726.0,0.32222222222222224,0.020258470136220747
Male,No,0.0,Graduate,No,2971,2791.0,144.0,360.0,1.0,Semiurban,Y,5762.0,0.4,0.024991322457480043
Male,Yes,0.0,Graduate,No,7578,1010.0,175.0,360.0,1.0,Semiurban,Y,8588.0,0.36527777777777776,0.0203772706101537
Male,Yes,0.0,Graduate,No,6250,0.0,128.0,360.0,1.0,Semiurban,Y,6250.0,0.35555555555555557,0.02048
Male,Yes,0.0,Graduate,No,3250,0.0,170.0,360.0,1.0,Rural,N,3250.0,0.4722222222222222,0.052307692307692305
Male,Yes,0.0,Not Graduate,Yes,4735,0.0,138.0,360.0,1.0,Urban,N,4735.0,0.38333333333333336,0.02914466737064414
Male,Yes,2.0,Graduate,No,6250,1695.0,210.0,360.0,1.0,Semiurban,Y,7945.0,0.5833333333333334,0.02643171806167401
Male,Yes,0.0,Graduate,No,4758,0.0,158.0,480.0,1.0,Semiurban,Y,4758.0,0.32916666666666666,0.0332072299285414
Male,No,0.0,Graduate,Yes,6400,0.0,200.0,360.0,1.0,Rural,Y,6400.0,0.5555555555555556,0.03125
Male,Yes,1.0,Graduate,No,2491,2054.0,104.0,360.0,1.0,Semiurban,Y,4545.0,0.28888888888888886,0.02288228822882288
Male,Yes,0.0,Graduate,No,3716,0.0,42.0,180.0,1.0,Rural,Y,3716.0,0.23333333333333334,0.011302475780409042
Male,No,0.0,Not Graduate,No,3189,2598.0,120.0,360.0,1.0,Rural,Y,5787.0,0.36527777777777776,0.020736132711249352
Female,No,0.0,Graduate,No,8333,0.0,280.0,360.0,1.0,Semiurban,Y,8333.0,0.7777777777777778,0.03360134405376215
Male,Yes,1.0,Graduate,No,3155,1779.0,140.0,360.0,1.0,Semiurban,Y,4934.0,0.3888888888888889,0.02837454398054317
Male,Yes,1.0,Graduate,No,5500,1260.0,170.0,360.0,1.0,Rural,Y,6760.0,0.4722222222222222,0.02514792899408284
Male,Yes,0.0,Graduate,No,5746,0.0,255.0,360.0,1.0,Urban,N,5746.0,0.7083333333333334,0.04437869822485207
Female,No,0.0,Graduate,Yes,3463,0.0,122.0,360.0,1.0,Urban,Y,3463.0,0.3388888888888889,0.03522956973722206
Female,No,1.0,Graduate,No,3812,0.0,112.0,360.0,1.0,Rural,Y,3812.0,0.3111111111111111,0.02938090241343127
Male,Yes,1.0,Graduate,No,3315,0.0,96.0,360.0,1.0,Semiurban,Y,3315.0,0.26666666666666666,0.02895927601809955
Male,Yes,2.0,Graduate,No,5819,5000.0,120.0,360.0,1.0,Rural,Y,10819.0,0.3333333333333333,0.01109159811442832
Male,Yes,1.0,Not Graduate,No,2510,1983.0,140.0,180.0,1.0,Urban,N,4493.0,0.7777777777777778,0.031159581571333184
Male,No,0.0,Graduate,No,2965,5701.0,155.0,60.0,1.0,Urban,Y,8666.0,2.5833333333333335,0.017885991230094624
Male,Yes,2.0,Graduate,Yes,6250,1300.0,108.0,360.0,1.0,Rural,Y,7550.0,0.3,0.014304635761589404
Male,Yes,0.0,Not Graduate,No,3406,4417.0,123.0,360.0,1.0,Semiurban,Y,7823.0,0.3416666666666667,0.01572286846478333
Male,No,0.0,Graduate,Yes,6050,4333.0,120.0,180.0,1.0,Urban,N,10383.0,0.6666666666666666,0.011557353366079168
Male,Yes,2.0,Graduate,No,9703,0.0,112.0,360.0,1.0,Urban,Y,9703.0,0.3111111111111111,0.011542821807688343
Male,Yes,1.0,Not Graduate,No,6608,0.0,137.0,180.0,1.0,Urban,Y,6608.0,0.7611111111111111,0.020732445520581115
Male,Yes,1.0,Graduate,No,2882,1843.0,123.0,480.0,1.0,Semiurban,Y,4725.0,0.25625,0.02603174603174603
Male,Yes,0.0,Graduate,No,1809,1868.0,90.0,360.0,1.0,Urban,Y,3677.0,0.25,0.024476475387544192
Male,Yes,0.0,Not Graduate,No,1668,3890.0,201.0,360.0,0.0,Semiurban,N,5558.0,0.5583333333333333,0.0361640878013674
Female,No,2.0,Graduate,No,3427,0.0,138.0,360.0,1.0,Urban,N,3427.0,0.38333333333333336,0.040268456375838924
Male,No,0.0,Not Graduate,Yes,2583,2167.0,104.0,360.0,1.0,Rural,Y,4750.0,0.28888888888888886,0.021894736842105262
Male,Yes,1.0,Not Graduate,No,2661,7101.0,279.0,180.0,1.0,Semiurban,Y,9762.0,1.55,0.02858020897357099
Male,No,0.0,Graduate,Yes,16250,0.0,192.0,360.0,0.0,Urban,N,16250.0,0.5333333333333333,0.011815384615384615
Female,No,0.0,Graduate,No,3083,0.0,255.0,360.0,1.0,Rural,Y,3083.0,0.7083333333333334,0.08271164450210834
Male,No,0.0,Not Graduate,No,6045,0.0,115.0,360.0,0.0,Rural,N,6045.0,0.3194444444444444,0.01902398676592225
Male,Yes,0.0,Graduate,No,5250,0.0,94.0,360.0,1.0,Urban,N,5250.0,0.2611111111111111,0.017904761904761906
Male,Yes,0.0,Graduate,No,14683,2100.0,304.0,360.0,1.0,Rural,N,16783.0,0.8444444444444444,0.018113567300244295
Male,Yes,0.0,Not Graduate,No,4931,0.0,128.0,360.0,1.0,Semiurban,N,4931.0,0.35555555555555557,0.02595822348408031
Male,Yes,1.0,Graduate,No,6083,4250.0,330.0,360.0,1.0,Urban,Y,10333.0,0.9166666666666666,0.03193651408109939
Male,No,0.0,Graduate,No,2060,2209.0,134.0,360.0,1.0,Semiurban,Y,4269.0,0.37222222222222223,0.03138908409463575
Female,No,1.0,Graduate,No,3481,0.0,155.0,36.0,1.0,Semiurban,N,3481.0,4.305555555555555,0.04452743464521689
Female,No,0.0,Graduate,No,7200,0.0,120.0,360.0,1.0,Rural,Y,7200.0,0.3333333333333333,0.016666666666666666
Male,No,0.0,Graduate,Yes,5166,0.0,128.0,360.0,1.0,Semiurban,Y,5166.0,0.35555555555555557,0.024777390631049168
Male,No,0.0,Graduate,No,4095,3447.0,151.0,360.0,1.0,Rural,Y,7542.0,0.41944444444444445,0.02002121453195439
Male,Yes,2.0,Graduate,No,4708,1387.0,150.0,360.0,1.0,Semiurban,Y,6095.0,0.4166666666666667,0.02461033634126333
Male,Yes,0.0,Graduate,No,4333,1811.0,160.0,360.0,0.0,Urban,Y,6144.0,0.4444444444444444,0.026041666666666668
Female,No,0.0,Graduate,No,3418,0.0,135.0,360.0,1.0,Rural,N,3418.0,0.375,0.03949678174370977
Female,No,1.0,Graduate,No,2876,1560.0,90.0,360.0,1.0,Urban,Y,4436.0,0.25,0.02028854824165915
Female,No,0.0,Graduate,No,3237,0.0,30.0,360.0,1.0,Urban,Y,3237.0,0.08333333333333333,0.009267840593141797
Male,Yes,0.0,Graduate,No,11146,0.0,136.0,360.0,1.0,Urban,Y,11146.0,0.37777777777777777,0.012201686703750225
Male,No,0.0,Graduate,No,2833,1857.0,126.0,360.0,1.0,Rural,Y,4690.0,0.35,0.026865671641791045
Male,Yes,0.0,Graduate,No,2620,2223.0,150.0,360.0,1.0,Semiurban,Y,4843.0,0.4166666666666667,0.03097253768325418
Male,Yes,2.0,Graduate,No,3900,0.0,90.0,360.0,1.0,Semiurban,Y,3900.0,0.25,0.023076923076923078
Male,Yes,1.0,Graduate,No,2750,1842.0,115.0,360.0,1.0,Semiurban,Y,4592.0,0.3194444444444444,0.02504355400696864
Male,Yes,0.0,Graduate,No,3993,3274.0,207.0,360.0,1.0,Semiurban,Y,7267.0,0.575,0.02848493188385854
Male,Yes,0.0,Graduate,No,3103,1300.0,80.0,360.0,1.0,Urban,Y,4403.0,0.2222222222222222,0.018169429934135818
Male,Yes,0.0,Graduate,No,14583,0.0,436.0,360.0,1.0,Semiurban,Y,14583.0,1.211111111111111,0.02989782623602825
Female,Yes,0.0,Not Graduate,No,4100,0.0,124.0,360.0,1.0,Rural,Y,4100.0,0.34444444444444444,0.03024390243902439
Male,No,1.0,Not Graduate,Yes,4053,2426.0,158.0,360.0,0.0,Urban,N,6479.0,0.4388888888888889,0.02438647939496836
Male,Yes,0.0,Graduate,No,3927,800.0,112.0,360.0,1.0,Semiurban,Y,4727.0,0.3111111111111111,0.0236936746350751
Male,Yes,2.0,Graduate,No,2301,985.7999878,78.0,180.0,1.0,Urban,Y,3286.7999878,0.43333333333333335,0.023731288879615956
Female,No,0.0,Graduate,No,1811,1666.0,54.0,360.0,1.0,Urban,Y,3477.0,0.15,0.015530629853321829
Male,Yes,0.0,Graduate,No,20667,0.0,128.0,360.0,1.0,Rural,N,20667.0,0.36527777777777776,0.024139118809354668
Male,No,0.0,Graduate,No,3158,3053.0,89.0,360.0,1.0,Rural,Y,6211.0,0.24722222222222223,0.014329415553051039
Female,No,0.0,Graduate,Yes,2600,1717.0,99.0,300.0,1.0,Semiurban,N,4317.0,0.33,0.022932592077831826
Male,Yes,0.0,Graduate,No,3704,2000.0,120.0,360.0,1.0,Rural,Y,5704.0,0.3333333333333333,0.021037868162692847
Female,No,0.0,Graduate,No,4124,0.0,115.0,360.0,1.0,Semiurban,Y,4124.0,0.3194444444444444,0.027885548011639186
Male,No,0.0,Graduate,No,9508,0.0,187.0,360.0,1.0,Rural,Y,9508.0,0.5194444444444445,0.019667648296171646
Male,Yes,0.0,Graduate,No,3075,2416.0,139.0,360.0,1.0,Rural,Y,5491.0,0.3861111111111111,0.025314150427973046
Male,Yes,2.0,Graduate,No,4400,0.0,127.0,360.0,0.0,Semiurban,N,4400.0,0.3527777777777778,0.028863636363636362
Male,Yes,2.0,Graduate,No,3153,1560.0,134.0,360.0,1.0,Urban,Y,4713.0,0.37222222222222223,0.028431996605134735
Female,No,0.0,Graduate,No,5417,0.0,143.0,480.0,0.0,Urban,N,5417.0,0.29791666666666666,0.026398375484585564
Male,Yes,0.0,Graduate,No,2383,3334.0,172.0,360.0,1.0,Semiurban,Y,5717.0,0.4777777777777778,0.03008570928808816
Male,Yes,0.0,Graduate,No,4416,1250.0,110.0,360.0,1.0,Urban,Y,5666.0,0.3055555555555556,0.01941404871161313
Male,Yes,1.0,Graduate,No,6875,0.0,200.0,360.0,1.0,Semiurban,Y,6875.0,0.5555555555555556,0.02909090909090909
Female,Yes,1.0,Graduate,No,4666,0.0,135.0,360.0,1.0,Urban,Y,4666.0,0.375,0.028932704672096014
Female,No,0.0,Graduate,No,5000,2541.0,151.0,480.0,1.0,Rural,N,7541.0,0.3145833333333333,0.020023869513327144
Male,Yes,1.0,Graduate,No,2014,2925.0,113.0,360.0,1.0,Urban,N,4939.0,0.3138888888888889,0.02287912532901397
Male,Yes,0.0,Not Graduate,No,1800,2934.0,93.0,360.0,0.0,Urban,N,4734.0,0.25833333333333336,0.01964512040557668
Male,Yes,0.0,Not Graduate,No,2875,1750.0,105.0,360.0,1.0,Semiurban,Y,4625.0,0.2916666666666667,0.022702702702702703
Female,No,0.0,Graduate,No,5000,0.0,132.0,360.0,1.0,Rural,Y,5000.0,0.36666666666666664,0.0264
Male,Yes,1.0,Graduate,No,1625,1803.0,96.0,360.0,1.0,Urban,Y,3428.0,0.26666666666666666,0.028004667444574097
Male,No,0.0,Graduate,No,4000,2500.0,140.0,360.0,1.0,Rural,Y,6500.0,0.3888888888888889,0.021538461538461538
Male,No,0.0,Not Graduate,No,2000,0.0,128.0,360.0,1.0,Urban,N,2000.0,0.36527777777777776,0.024139118809354668
Female,No,0.0,Graduate,No,3762,1666.0,135.0,360.0,1.0,Rural,Y,5428.0,0.375,0.024871039056742816
Female,No,0.0,Graduate,No,2400,1863.0,104.0,360.0,0.0,Urban,N,4263.0,0.28888888888888886,0.02439596528266479
Male,No,0.0,Graduate,No,20233,0.0,480.0,360.0,1.0,Rural,N,20233.0,1.3333333333333333,0.02372361982899224
Male,Yes,2.0,Not Graduate,No,7667,0.0,185.0,360.0,1.0,Rural,Y,7667.0,0.5138888888888888,0.024129385678883526
Female,No,0.0,Graduate,No,2917,0.0,84.0,360.0,1.0,Semiurban,Y,2917.0,0.23333333333333334,0.028796708947548853
Male,No,0.0,Not Graduate,No,2927,2405.0,111.0,360.0,1.0,Semiurban,Y,5332.0,0.30833333333333335,0.020817704426106528
Female,No,0.0,Graduate,No,2507,0.0,56.0,360.0,1.0,Rural,Y,2507.0,0.15555555555555556,0.022337455125648185
Male,Yes,2.0,Graduate,Yes,5746,0.0,144.0,84.0,1.0,Rural,Y,5746.0,1.7142857142857142,0.025060911938739994
Male,Yes,0.0,Graduate,No,2473,1843.0,159.0,360.0,1.0,Rural,N,4316.0,0.44166666666666665,0.036839666357738644
Male,Yes,1.0,Not Graduate,No,3399,1640.0,111.0,180.0,1.0,Urban,Y,5039.0,0.6166666666666667,0.022028180194483032
Male,Yes,2.0,Graduate,No,3717,0.0,120.0,360.0,1.0,Semiurban,Y,3717.0,0.3333333333333333,0.03228410008071025
Male,Yes,0.0,Graduate,No,2058,2134.0,88.0,360.0,1.0,Urban,Y,4192.0,0.24444444444444444,0.02099236641221374
Female,No,1.0,Graduate,No,3541,0.0,112.0,360.0,1.0,Semiurban,Y,3541.0,0.3111111111111111,0.031629483196837054
Male,Yes,1.0,Graduate,Yes,10000,0.0,155.0,360.0,1.0,Rural,N,10000.0,0.4305555555555556,0.0155
Male,Yes,0.0,Graduate,No,2400,2167.0,115.0,360.0,1.0,Semiurban,Y,4567.0,0.3194444444444444,0.025180643748631486
Male,Yes,0.0,Graduate,No,4342,189.0,124.0,360.0,1.0,Semiurban,Y,4531.0,0.34444444444444444,0.027367027146325315
Male,Yes,2.0,Not Graduate,No,3601,1590.0,128.0,360.0,1.0,Rural,Y,5191.0,0.36527777777777776,0.024139118809354668
Female,No,0.0,Graduate,No,3166,2985.0,132.0,360.0,1.0,Rural,Y,6151.0,0.36666666666666664,0.021459925215412127
Male,Yes,0.0,Graduate,No,15000,0.0,300.0,360.0,1.0,Rural,Y,15000.0,0.8333333333333334,0.02
Male,Yes,1.0,Graduate,Yes,8666,4983.0,376.0,360.0,0.0,Rural,N,13649.0,1.0444444444444445,0.027547805700051286
Male,No,0.0,Graduate,No,4917,0.0,130.0,360.0,0.0,Rural,Y,4917.0,0.3611111111111111,0.026438885499288182
Male,Yes,0.0,Graduate,Yes,5818,2160.0,184.0,360.0,1.0,Semiurban,Y,7978.0,0.5111111111111111,0.023063424417147156
Female,Yes,0.0,Graduate,No,4333,2451.0,110.0,360.0,1.0,Urban,N,6784.0,0.3055555555555556,0.016214622641509434
Female,No,0.0,Graduate,No,2500,0.0,67.0,360.0,1.0,Urban,Y,2500.0,0.18611111111111112,0.0268
Male,No,1.0,Graduate,No,4384,1793.0,117.0,360.0,1.0,Urban,Y,6177.0,0.325,0.01894123360854784
Male,No,0.0,Graduate,No,2935,0.0,98.0,360.0,1.0,Semiurban,Y,2935.0,0.2722222222222222,0.03339011925042589
Male,No,0.0,Graduate,No,2833,0.0,71.0,360.0,1.0,Urban,Y,2833.0,0.19722222222222222,0.025061771973173313
Male,Yes,0.0,Graduate,No,63337,0.0,490.0,180.0,1.0,Urban,Y,63337.0,2.7222222222222223,0.007736394208756335
Male,Yes,1.0,Graduate,Yes,9833,1833.0,182.0,180.0,1.0,Urban,Y,11666.0,1.011111111111111,0.015600891479513115
Male,Yes,0.0,Graduate,Yes,5503,4490.0,70.0,360.0,1.0,Semiurban,Y,9993.0,0.36527777777777776,0.007004903432402682
Male,Yes,1.0,Graduate,No,5250,688.0,160.0,360.0,1.0,Rural,Y,5938.0,0.4444444444444444,0.02694509936005389
Male,Yes,2.0,Graduate,Yes,2500,4600.0,176.0,360.0,1.0,Rural,Y,7100.0,0.4888888888888889,0.024788732394366197
Female,No,0.0,Not Graduate,No,1830,0.0,128.0,360.0,0.0,Urban,N,1830.0,0.36527777777777776,0.024139118809354668
Female,No,0.0,Graduate,No,4160,0.0,71.0,360.0,1.0,Semiurban,Y,4160.0,0.19722222222222222,0.01706730769230769
Male,Yes,0.0,Not Graduate,No,2647,1587.0,173.0,360.0,1.0,Rural,N,4234.0,0.48055555555555557,0.040859707132735006
Female,No,0.0,Graduate,No,2378,0.0,46.0,360.0,1.0,Rural,N,2378.0,0.12777777777777777,0.01934398654331371
Male,Yes,1.0,Not Graduate,No,4554,1229.0,158.0,360.0,1.0,Urban,Y,5783.0,0.4388888888888889,0.027321459450112398
Male,Yes,0.0,Not Graduate,No,3173,0.0,74.0,360.0,1.0,Semiurban,Y,3173.0,0.20555555555555555,0.023321777497636306
Male,Yes,2.0,Graduate,No,2583,2330.0,125.0,360.0,1.0,Rural,Y,4913.0,0.3472222222222222,0.0254427030327702
Male,Yes,0.0,Graduate,No,2499,2458.0,160.0,360.0,1.0,Semiurban,Y,4957.0,0.4444444444444444,0.03227758725035303
Male,Yes,0.0,Not Graduate,No,3523,3230.0,152.0,360.0,0.0,Rural,N,6753.0,0.4222222222222222,0.02250851473419221
Male,Yes,2.0,Not Graduate,No,3083,2168.0,126.0,360.0,1.0,Urban,Y,5251.0,0.35,0.023995429442011044
Male,Yes,0.0,Graduate,No,6333,4583.0,259.0,360.0,1.0,Semiurban,Y,10916.0,0.7194444444444444,0.02372663979479663
Male,Yes,0.0,Graduate,No,2625,6250.0,187.0,360.0,1.0,Rural,Y,8875.0,0.5194444444444445,0.021070422535211266
Male,Yes,0.0,Graduate,No,9083,0.0,228.0,360.0,1.0,Semiurban,Y,9083.0,0.6333333333333333,0.025101838599581636
Male,No,0.0,Graduate,No,8750,4167.0,308.0,360.0,1.0,Rural,N,12917.0,0.8555555555555555,0.023844545947201364
Male,Yes,0.0,Graduate,No,2666,2083.0,95.0,360.0,1.0,Rural,Y,4749.0,0.2638888888888889,0.02000421141292904
Female,Yes,0.0,Graduate,Yes,5500,0.0,105.0,360.0,0.0,Rural,N,5500.0,0.2916666666666667,0.019090909090909092
Female,Yes,0.0,Graduate,No,2423,505.0,130.0,360.0,1.0,Semiurban,Y,2928.0,0.3611111111111111,0.04439890710382514
Female,No,0.0,Graduate,No,3813,0.0,116.0,180.0,1.0,Urban,Y,3813.0,0.6444444444444445,0.03042223970626803
Male,Yes,2.0,Graduate,No,8333,3167.0,165.0,360.0,1.0,Rural,Y,11500.0,0.4583333333333333,0.014347826086956521
Male,Yes,1.0,Graduate,No,3875,0.0,67.0,360.0,1.0,Urban,N,3875.0,0.18611111111111112,0.01729032258064516
Male,Yes,0.0,Not Graduate,No,3000,1666.0,100.0,480.0,0.0,Urban,N,4666.0,0.20833333333333334,0.021431633090441493
Male,Yes,0.0,Graduate,No,5167,3167.0,200.0,360.0,1.0,Semiurban,Y,8334.0,0.5555555555555556,0.023998080153587713
Female,No,1.0,Graduate,No,4723,0.0,81.0,360.0,1.0,Semiurban,N,4723.0,0.225,0.017150116451408005
Male,Yes,2.0,Graduate,No,5000,3667.0,236.0,360.0,1.0,Semiurban,Y,8667.0,0.6555555555555556,0.027229721933771777
Male,Yes,0.0,Graduate,No,4750,2333.0,130.0,360.0,1.0,Urban,Y,7083.0,0.3611111111111111,0.01835380488493576
Male,Yes,0.0,Graduate,No,3013,3033.0,95.0,300.0,1.0,Urban,Y,6046.0,0.31666666666666665,0.0157128680119087
Male,No,0.0,Graduate,Yes,6822,0.0,141.0,360.0,1.0,Rural,Y,6822.0,0.39166666666666666,0.020668425681618294
Male,No,0.0,Not Graduate,No,6216,0.0,133.0,360.0,1.0,Rural,N,6216.0,0.36944444444444446,0.021396396396396396
Male,No,0.0,Graduate,No,2500,0.0,96.0,480.0,1.0,Semiurban,N,2500.0,0.2,0.0384
Male,No,0.0,Graduate,No,5124,0.0,124.0,360.0,0.0,Rural,N,5124.0,0.36527777777777776,0.02419984387197502
Male,Yes,1.0,Graduate,No,6325,0.0,175.0,360.0,1.0,Semiurban,Y,6325.0,0.4861111111111111,0.02766798418972332
Male,Yes,0.0,Graduate,No,19730,5266.0,570.0,360.0,1.0,Rural,N,24996.0,1.5833333333333333,0.022803648583773404
Female,No,0.0,Graduate,Yes,15759,0.0,55.0,360.0,1.0,Semiurban,Y,15759.0,0.1527777777777778,0.0034900691668253063
Male,Yes,2.0,Graduate,No,5185,0.0,155.0,360.0,1.0,Semiurban,Y,5185.0,0.4305555555555556,0.029893924783027964
Male,Yes,2.0,Graduate,Yes,9323,7873.0,380.0,300.0,1.0,Rural,Y,17196.0,1.2666666666666666,0.02209816236334031
Male,No,1.0,Graduate,No,3062,1987.0,111.0,180.0,0.0,Urban,N,5049.0,0.6166666666666667,0.021984551396316103
Female,No,0.0,Graduate,No,2764,1459.0,110.0,360.0,1.0,Urban,Y,4223.0,0.3055555555555556,0.02604783329386692
Male,Yes,0.0,Graduate,No,4817,923.0,120.0,180.0,1.0,Urban,Y,5740.0,0.6666666666666666,0.020905923344947737
Male,Yes,0.0,Graduate,No,8750,4996.0,130.0,360.0,1.0,Rural,Y,13746.0,0.3611111111111111,0.009457296668121635
Male,Yes,0.0,Graduate,No,4310,0.0,130.0,360.0,1.0,Semiurban,Y,4310.0,0.3611111111111111,0.030162412993039442
Male,No,0.0,Graduate,No,3069,0.0,71.0,480.0,1.0,Urban,N,3069.0,0.14791666666666667,0.023134571521668295
Male,Yes,2.0,Graduate,No,5391,0.0,130.0,360.0,1.0,Urban,Y,5391.0,0.3611111111111111,0.024114264514932295
Male,Yes,0.0,Graduate,No,3333,2500.0,128.0,360.0,1.0,Semiurban,Y,5833.0,0.35555555555555557,0.021944111092062405
Male,No,0.0,Graduate,No,5941,4232.0,296.0,360.0,1.0,Semiurban,Y,10173.0,0.8222222222222222,0.029096628329892852
Female,No,0.0,Graduate,No,6000,0.0,156.0,360.0,1.0,Urban,Y,6000.0,0.43333333333333335,0.026
Male,No,0.0,Graduate,Yes,7167,0.0,128.0,360.0,1.0,Urban,Y,7167.0,0.35555555555555557,0.017859634435607646
Male,Yes,2.0,Graduate,No,4566,0.0,100.0,360.0,1.0,Urban,N,4566.0,0.2777777777777778,0.021901007446342532
Male,No,1.0,Graduate,No,3667,0.0,113.0,180.0,1.0,Urban,Y,3667.0,0.6277777777777778,0.030815380419961822
Male,No,0.0,Not Graduate,No,2346,1600.0,132.0,360.0,1.0,Semiurban,Y,3946.0,0.36666666666666664,0.03345159655347187
Male,Yes,0.0,Not Graduate,No,3010,3136.0,128.0,360.0,0.0,Urban,N,6146.0,0.36527777777777776,0.024139118809354668
Male,Yes,0.0,Graduate,No,2333,2417.0,136.0,360.0,1.0,Urban,Y,4750.0,0.37777777777777777,0.02863157894736842
Male,Yes,0.0,Graduate,No,5488,0.0,125.0,360.0,1.0,Rural,Y,5488.0,0.3472222222222222,0.022776967930029153
Male,No,0.0,Graduate,No,9167,0.0,185.0,360.0,1.0,Rural,Y,9167.0,0.5138888888888888,0.020181084324206393
Male,Yes,0.0,Graduate,No,9504,0.0,275.0,360.0,1.0,Rural,Y,9504.0,0.7638888888888888,0.028935185185185185
Male,Yes,0.0,Graduate,No,2583,2115.0,120.0,360.0,1.0,Urban,Y,4698.0,0.3333333333333333,0.02554278416347382
Male,Yes,2.0,Not Graduate,No,1993,1625.0,113.0,180.0,1.0,Semiurban,Y,3618.0,0.6277777777777778,0.03123272526257601
Male,Yes,2.0,Graduate,No,3100,1400.0,113.0,360.0,1.0,Urban,Y,4500.0,0.3138888888888889,0.025111111111111112
Male,Yes,2.0,Graduate,No,3276,484.0,135.0,360.0,1.0,Semiurban,Y,3760.0,0.375,0.03590425531914894
Female,No,0.0,Graduate,No,3180,0.0,71.0,360.0,0.0,Urban,N,3180.0,0.19722222222222222,0.02232704402515723
Male,Yes,0.0,Graduate,No,3033,1459.0,95.0,360.0,1.0,Urban,Y,4492.0,0.2638888888888889,0.021148708815672306
Male,No,0.0,Not Graduate,No,3902,1666.0,109.0,360.0,1.0,Rural,Y,5568.0,0.30277777777777776,0.019576149425287355
Female,No,0.0,Graduate,No,1500,1800.0,103.0,360.0,0.0,Semiurban,N,3300.0,0.2861111111111111,0.031212121212121212
Male,Yes,2.0,Not Graduate,No,2889,0.0,45.0,180.0,0.0,Urban,N,2889.0,0.25,0.01557632398753894
Male,No,0.0,Not Graduate,No,2755,0.0,65.0,300.0,1.0,Rural,N,2755.0,0.21666666666666667,0.023593466424682397
Male,No,0.0,Graduate,No,2500,20000.0,103.0,360.0,1.0,Semiurban,Y,22500.0,0.2861111111111111,0.004577777777777778
Female,No,0.0,Not Graduate,No,1963,0.0,53.0,360.0,1.0,Semiurban,Y,1963.0,0.14722222222222223,0.026999490575649515
Female,No,0.0,Graduate,Yes,7441,0.0,194.0,360.0,1.0,Rural,N,7441.0,0.5388888888888889,0.026071764547775836
Female,No,0.0,Graduate,No,4547,0.0,115.0,360.0,1.0,Semiurban,Y,4547.0,0.3194444444444444,0.025291400923685946
Male,Yes,0.0,Not Graduate,No,2167,2400.0,115.0,360.0,1.0,Urban,Y,4567.0,0.3194444444444444,0.025180643748631486
Female,No,0.0,Not Graduate,No,2213,0.0,66.0,360.0,1.0,Rural,Y,2213.0,0.18333333333333332,0.0298237686398554
Male,Yes,1.0,Graduate,No,8300,0.0,152.0,300.0,0.0,Semiurban,N,8300.0,0.5066666666666667,0.018313253012048194
Male,Yes,0.0,Graduate,No,81000,0.0,360.0,360.0,0.0,Rural,N,81000.0,1.0,0.0044444444444444444
Female,No,1.0,Not Graduate,Yes,3867,0.0,62.0,360.0,1.0,Semiurban,N,3867.0,0.17222222222222222,0.016033100594776313
Male,Yes,0.0,Graduate,No,6256,0.0,160.0,360.0,1.0,Urban,Y,6256.0,0.4444444444444444,0.02557544757033248
Male,Yes,0.0,Not Graduate,No,6096,0.0,218.0,360.0,0.0,Rural,N,6096.0,0.6055555555555555,0.035761154855643046
Male,Yes,0.0,Not Graduate,No,2253,2033.0,110.0,360.0,1.0,Rural,Y,4286.0,0.3055555555555556,0.025664955669622024
Female,Yes,0.0,Not Graduate,No,2149,3237.0,178.0,360.0,0.0,Semiurban,N,5386.0,0.49444444444444446,0.03304864463423691
Female,No,0.0,Graduate,No,2995,0.0,60.0,360.0,1.0,Urban,Y,2995.0,0.16666666666666666,0.02003338898163606
Female,No,1.0,Graduate,No,2600,0.0,160.0,360.0,1.0,Urban,N,2600.0,0.4444444444444444,0.06153846153846154
Male,Yes,2.0,Graduate,Yes,1600,20000.0,239.0,360.0,1.0,Urban,N,21600.0,0.6638888888888889,0.011064814814814816
Male,Yes,0.0,Graduate,No,1025,2773.0,112.0,360.0,1.0,Rural,Y,3798.0,0.3111111111111111,0.02948920484465508
Male,Yes,0.0,Graduate,No,3246,1417.0,138.0,360.0,1.0,Semiurban,Y,4663.0,0.38333333333333336,0.029594681535492173
Male,Yes,0.0,Graduate,No,5829,0.0,138.0,360.0,1.0,Rural,Y,5829.0,0.38333333333333336,0.023674729799279464
Female,No,0.0,Not Graduate,No,2720,0.0,80.0,360.0,0.0,Urban,N,2720.0,0.36527777777777776,0.029411764705882353
Male,Yes,0.0,Graduate,No,1820,1719.0,100.0,360.0,1.0,Urban,Y,3539.0,0.2777777777777778,0.028256569652444195
Male,Yes,1.0,Graduate,No,7250,1667.0,110.0,360.0,0.0,Urban,N,8917.0,0.36527777777777776,0.01233598743972188
Male,Yes,0.0,Graduate,No,14880,0.0,96.0,360.0,1.0,Semiurban,Y,14880.0,0.26666666666666666,0.0064516129032258064
Male,Yes,0.0,Graduate,No,2666,4300.0,121.0,360.0,1.0,Rural,Y,6966.0,0.33611111111111114,0.01737008326155613
Female,No,1.0,Not Graduate,No,4606,0.0,81.0,360.0,1.0,Rural,N,4606.0,0.225,0.017585757707338254
Male,Yes,2.0,Graduate,No,5935,0.0,133.0,360.0,1.0,Semiurban,Y,5935.0,0.36944444444444446,0.02240943555181129
Male,Yes,0.0,Graduate,No,2920,16.12000084,87.0,360.0,1.0,Rural,Y,2936.12000084,0.24166666666666667,0.029630941506174818
Male,No,0.0,Not Graduate,No,2717,0.0,60.0,180.0,1.0,Urban,Y,2717.0,0.3333333333333333,0.02208317997791682
Female,No,1.0,Graduate,Yes,8624,0.0,150.0,360.0,1.0,Semiurban,Y,8624.0,0.4166666666666667,0.017393320964749538
Male,No,0.0,Graduate,No,6500,0.0,105.0,360.0,0.0,Rural,N,6500.0,0.2916666666666667,0.016153846153846154
Male,No,0.0,Graduate,No,12876,0.0,405.0,360.0,1.0,Semiurban,Y,12876.0,1.125,0.03145386766076421
Male,Yes,0.0,Graduate,No,2425,2340.0,143.0,360.0,1.0,Semiurban,Y,4765.0,0.3972222222222222,0.030010493179433367
Male,No,0.0,Graduate,No,3750,0.0,100.0,360.0,1.0,Urban,Y,3750.0,0.2777777777777778,0.02666666666666667
Female,Yes,0.0,Graduate,No,10047,0.0,128.0,240.0,1.0,Semiurban,Y,10047.0,0.36527777777777776,0.024139118809354668
Male,No,0.0,Graduate,No,1926,1851.0,50.0,360.0,1.0,Semiurban,Y,3777.0,0.1388888888888889,0.013238019592268996
Male,Yes,0.0,Graduate,No,2213,1125.0,128.0,360.0,1.0,Urban,Y,3338.0,0.36527777777777776,0.024139118809354668
Male,No,0.0,Graduate,Yes,10416,0.0,187.0,360.0,0.0,Urban,N,10416.0,0.5194444444444445,0.0179531490015361
Female,Yes,0.0,Not Graduate,Yes,7142,0.0,138.0,360.0,1.0,Rural,Y,7142.0,0.38333333333333336,0.019322318678241388
Male,No,0.0,Graduate,No,3660,5064.0,187.0,360.0,1.0,Semiurban,Y,8724.0,0.5194444444444445,0.021435121503897293
Male,Yes,0.0,Graduate,No,7901,1833.0,180.0,360.0,1.0,Rural,Y,9734.0,0.5,0.018491884117526197
Male,No,0.0,Not Graduate,No,4707,1993.0,148.0,360.0,1.0,Semiurban,Y,6700.0,0.4111111111111111,0.02208955223880597
Male,No,1.0,Graduate,No,37719,0.0,152.0,360.0,1.0,Semiurban,Y,37719.0,0.4222222222222222,0.004029799305389856
Male,Yes,0.0,Graduate,No,7333,8333.0,175.0,300.0,1.0,Rural,Y,15666.0,0.5833333333333334,0.011170688114387846
Male,Yes,1.0,Graduate,Yes,3466,1210.0,130.0,360.0,1.0,Rural,Y,4676.0,0.3611111111111111,0.027801539777587682
Male,Yes,2.0,Not Graduate,No,4652,0.0,110.0,360.0,1.0,Rural,Y,4652.0,0.3055555555555556,0.023645743766122097
Male,Yes,0.0,Graduate,No,3539,1376.0,55.0,360.0,1.0,Rural,N,4915.0,0.1527777777777778,0.011190233977619531
Male,Yes,2.0,Graduate,No,3340,1710.0,150.0,360.0,0.0,Rural,N,5050.0,0.4166666666666667,0.0297029702970297
Male,No,1.0,Not Graduate,Yes,2769,1542.0,190.0,360.0,1.0,Semiurban,N,4311.0,0.5277777777777778,0.04407330085826954
Male,Yes,2.0,Not Graduate,No,2309,1255.0,125.0,360.0,0.0,Rural,N,3564.0,0.3472222222222222,0.035072951739618406
Male,Yes,2.0,Not Graduate,No,1958,1456.0,60.0,300.0,1.0,Urban,Y,3414.0,0.2,0.01757469244288225
Male,Yes,0.0,Graduate,No,3948,1733.0,149.0,360.0,0.0,Rural,N,5681.0,0.41388888888888886,0.02622777679985918
Male,Yes,0.0,Graduate,No,2483,2466.0,90.0,180.0,0.0,Rural,Y,4949.0,0.5,0.018185492018589614
Male,No,0.0,Graduate,Yes,7085,0.0,84.0,360.0,1.0,Semiurban,Y,7085.0,0.23333333333333334,0.011856033874382499
Male,Yes,2.0,Graduate,No,3859,0.0,96.0,360.0,1.0,Semiurban,Y,3859.0,0.26666666666666666,0.024876911116869654
Male,Yes,0.0,Graduate,No,4301,0.0,118.0,360.0,1.0,Urban,Y,4301.0,0.3277777777777778,0.027435480120902116
Male,Yes,0.0,Graduate,No,3708,2569.0,173.0,360.0,1.0,Urban,N,6277.0,0.48055555555555557,0.027560936753226063
Male,No,2.0,Graduate,No,4354,0.0,136.0,360.0,1.0,Rural,Y,4354.0,0.37777777777777777,0.03123564538355535
Male,Yes,0.0,Graduate,No,8334,0.0,160.0,360.0,1.0,Semiurban,N,8334.0,0.4444444444444444,0.01919846412287017
Male,Yes,0.0,Graduate,Yes,2083,4083.0,160.0,360.0,1.0,Semiurban,Y,6166.0,0.4444444444444444,0.025948751216347713
Male,Yes,0.0,Graduate,No,7740,0.0,128.0,180.0,1.0,Urban,Y,7740.0,0.7111111111111111,0.016537467700258397
Male,Yes,0.0,Graduate,No,3015,2188.0,153.0,360.0,1.0,Rural,Y,5203.0,0.425,0.02940611185854315
Female,No,1.0,Not Graduate,No,5191,0.0,132.0,360.0,1.0,Semiurban,Y,5191.0,0.36666666666666664,0.025428626468888462
Male,No,0.0,Graduate,No,4166,0.0,98.0,360.0,0.0,Semiurban,N,4166.0,0.2722222222222222,0.023523763802208355
Male,No,0.0,Graduate,No,6000,0.0,140.0,360.0,1.0,Rural,Y,6000.0,0.3888888888888889,0.023333333333333334
Male,Yes,0.0,Not Graduate,No,2947,1664.0,70.0,180.0,0.0,Urban,N,4611.0,0.3888888888888889,0.015181088700932552
Male,Yes,0.0,Graduate,No,16692,0.0,110.0,360.0,1.0,Semiurban,Y,16692.0,0.3055555555555556,0.006589983225497244
Female,Yes,2.0,Not Graduate,No,210,2917.0,98.0,360.0,1.0,Semiurban,Y,3127.0,0.2722222222222222,0.03133994243684042
Male,Yes,0.0,Graduate,No,4333,2451.0,110.0,360.0,1.0,Urban,N,6784.0,0.3055555555555556,0.016214622641509434
Male,Yes,1.0,Graduate,Yes,3450,2079.0,162.0,360.0,1.0,Semiurban,Y,5529.0,0.45,0.02930005425935974
Male,Yes,1.0,Not Graduate,No,2653,1500.0,113.0,180.0,0.0,Rural,N,4153.0,0.6277777777777778,0.027209246327955693
Male,Yes,0.0,Graduate,No,4691,0.0,100.0,360.0,1.0,Semiurban,Y,4691.0,0.2777777777777778,0.021317416329140908
Female,No,0.0,Graduate,Yes,2500,0.0,93.0,360.0,1.0,Urban,Y,2500.0,0.25833333333333336,0.0372
Male,No,2.0,Graduate,No,5532,4648.0,162.0,360.0,1.0,Rural,Y,10180.0,0.45,0.015913555992141455
Male,Yes,2.0,Graduate,Yes,16525,1014.0,150.0,360.0,1.0,Rural,Y,17539.0,0.4166666666666667,0.008552369006214722
Male,Yes,2.0,Graduate,No,6700,1750.0,230.0,300.0,1.0,Semiurban,Y,8450.0,0.7666666666666667,0.027218934911242602
Male,Yes,2.0,Graduate,No,2873,1872.0,132.0,360.0,0.0,Semiurban,N,4745.0,0.36666666666666664,0.027818756585879872
Male,Yes,1.0,Graduate,Yes,16667,2250.0,86.0,360.0,1.0,Semiurban,Y,18917.0,0.2388888888888889,0.004546175397790347
Male,Yes,2.0,Graduate,No,2947,1603.0,128.0,360.0,1.0,Urban,N,4550.0,0.36527777777777776,0.024139118809354668
Female,No,0.0,Not Graduate,No,4350,0.0,154.0,360.0,1.0,Rural,Y,4350.0,0.42777777777777776,0.035402298850574714
Male,Yes,0.0,Not Graduate,No,3095,0.0,113.0,360.0,1.0,Rural,Y,3095.0,0.3138888888888889,0.03651050080775444
Male,Yes,0.0,Graduate,No,2083,3150.0,128.0,360.0,1.0,Semiurban,Y,5233.0,0.35555555555555557,0.024460156697878845
Male,Yes,0.0,Graduate,No,10833,0.0,234.0,360.0,1.0,Semiurban,Y,10833.0,0.65,0.02160066463583495
Male,Yes,2.0,Graduate,No,8333,0.0,246.0,360.0,1.0,Semiurban,Y,8333.0,0.6833333333333333,0.029521180847233888
Male,Yes,1.0,Not Graduate,No,1958,2436.0,131.0,360.0,1.0,Rural,Y,4394.0,0.3638888888888889,0.029813381884387802
Male,No,2.0,Graduate,No,3547,0.0,80.0,360.0,0.0,Rural,N,3547.0,0.2222222222222222,0.02255427121511136
Male,Yes,1.0,Graduate,No,18333,0.0,500.0,360.0,1.0,Urban,N,18333.0,1.3888888888888888,0.02727322314951181
Male,Yes,2.0,Graduate,Yes,4583,2083.0,160.0,360.0,1.0,Semiurban,Y,6666.0,0.4444444444444444,0.024002400240024
Male,No,0.0,Graduate,No,2435,0.0,75.0,360.0,1.0,Urban,N,2435.0,0.20833333333333334,0.030800821355236138
Male,No,0.0,Not Graduate,No,2699,2785.0,96.0,360.0,1.0,Semiurban,Y,5484.0,0.26666666666666666,0.0175054704595186
Male,Yes,1.0,Not Graduate,No,5333,1131.0,186.0,360.0,1.0,Urban,Y,6464.0,0.5166666666666667,0.028774752475247526
Male,No,0.0,Not Graduate,No,3691,0.0,110.0,360.0,1.0,Rural,Y,3691.0,0.3055555555555556,0.029802221620157138
Female,No,0.0,Not Graduate,Yes,17263,0.0,225.0,360.0,1.0,Semiurban,Y,17263.0,0.625,0.013033655795632277
Male,Yes,0.0,Graduate,No,3597,2157.0,119.0,360.0,0.0,Rural,N,5754.0,0.33055555555555555,0.02068126520681265
Female,Yes,1.0,Graduate,No,3326,913.0,105.0,84.0,1.0,Semiurban,Y,4239.0,1.25,0.024769992922859165
Male,Yes,0.0,Not Graduate,No,2600,1700.0,107.0,360.0,1.0,Rural,Y,4300.0,0.2972222222222222,0.02488372093023256
Male,Yes,0.0,Graduate,No,4625,2857.0,111.0,12.0,1.0,Urban,Y,7482.0,9.25,0.01483560545308741
Male,Yes,1.0,Graduate,Yes,2895,0.0,95.0,360.0,1.0,Semiurban,Y,2895.0,0.2638888888888889,0.03281519861830743
Male,No,0.0,Graduate,No,6283,4416.0,209.0,360.0,0.0,Rural,N,10699.0,0.5805555555555556,0.019534535937938125
Female,No,0.0,Graduate,No,645,3683.0,113.0,480.0,1.0,Rural,Y,4328.0,0.23541666666666666,0.0261090573012939
Female,No,0.0,Graduate,No,3159,0.0,100.0,360.0,1.0,Semiurban,Y,3159.0,0.2777777777777778,0.03165558721114277
Male,Yes,2.0,Graduate,No,4865,5624.0,208.0,360.0,1.0,Semiurban,Y,10489.0,0.5777777777777777,0.01983029840785585
Male,Yes,1.0,Not Graduate,No,4050,5302.0,138.0,360.0,1.0,Rural,N,9352.0,0.38333333333333336,0.014756201881950384
Male,Yes,0.0,Not Graduate,No,3814,1483.0,124.0,300.0,1.0,Semiurban,Y,5297.0,0.41333333333333333,0.0234094770624882
Male,Yes,2.0,Graduate,No,3510,4416.0,243.0,360.0,1.0,Rural,Y,7926.0,0.675,0.030658591975775928
Male,Yes,0.0,Graduate,No,20833,6667.0,480.0,360.0,1.0,Urban,Y,27500.0,1.3333333333333333,0.017454545454545455
Male,No,0.0,Graduate,No,3583,0.0,96.0,360.0,1.0,Urban,N,3583.0,0.26666666666666666,0.026793190064192018
Male,Yes,0.0,Graduate,Yes,2479,3013.0,188.0,360.0,1.0,Urban,Y,5492.0,0.5222222222222223,0.03423160961398398
Female,No,1.0,Graduate,No,13262,0.0,40.0,360.0,1.0,Urban,Y,13262.0,0.1111111111111111,0.003016136329362087
Male,No,0.0,Not Graduate,No,3598,1287.0,100.0,360.0,1.0,Rural,N,4885.0,0.2777777777777778,0.02047082906857728
Male,Yes,1.0,Graduate,No,6065,2004.0,250.0,360.0,1.0,Semiurban,Y,8069.0,0.6944444444444444,0.030982773577890692
Male,Yes,2.0,Graduate,No,3283,2035.0,148.0,360.0,1.0,Urban,Y,5318.0,0.4111111111111111,0.027830011282437006
Male,Yes,0.0,Graduate,No,2130,6666.0,70.0,180.0,1.0,Semiurban,N,8796.0,0.3888888888888889,0.007958162801273306
Male,No,0.0,Graduate,No,5815,3666.0,311.0,360.0,1.0,Rural,N,9481.0,0.8638888888888889,0.03280244699926168
Male,Yes,0.0,Graduate,No,3466,3428.0,150.0,360.0,1.0,Rural,Y,6894.0,0.4166666666666667,0.02175805047867711
Female,Yes,2.0,Graduate,No,2031,1632.0,113.0,480.0,1.0,Semiurban,Y,3663.0,0.23541666666666666,0.03084903084903085
Male,Yes,0.0,Not Graduate,No,3074,1800.0,123.0,360.0,0.0,Semiurban,N,4874.0,0.3416666666666667,0.025235945835043086
Male,No,0.0,Graduate,No,4683,1915.0,185.0,360.0,1.0,Semiurban,N,6598.0,0.5138888888888888,0.02803879963625341
Female,No,0.0,Not Graduate,No,3400,0.0,95.0,360.0,1.0,Rural,N,3400.0,0.2638888888888889,0.027941176470588237
Male,Yes,2.0,Not Graduate,No,2192,1742.0,45.0,360.0,1.0,Semiurban,Y,3934.0,0.125,0.011438739196746314
Male,No,0.0,Graduate,No,2500,0.0,55.0,360.0,1.0,Semiurban,Y,2500.0,0.1527777777777778,0.022
Male,Yes,0.0,Graduate,Yes,5677,1424.0,100.0,360.0,1.0,Rural,Y,7101.0,0.2777777777777778,0.01408252358822701
Male,Yes,2.0,Graduate,Yes,7948,7166.0,480.0,360.0,1.0,Rural,Y,15114.0,1.3333333333333333,0.031758634378721715
Male,No,0.0,Graduate,No,4680,2087.0,128.0,360.0,1.0,Semiurban,N,6767.0,0.36527777777777776,0.024139118809354668
Male,Yes,2.0,Graduate,Yes,17500,0.0,400.0,360.0,1.0,Rural,Y,17500.0,1.1111111111111112,0.022857142857142857
Male,Yes,0.0,Graduate,No,3775,0.0,110.0,360.0,1.0,Semiurban,Y,3775.0,0.3055555555555556,0.02913907284768212
Male,Yes,1.0,Not Graduate,No,5285,1430.0,161.0,360.0,0.0,Semiurban,Y,6715.0,0.44722222222222224,0.023976172747580043
Male,No,1.0,Not Graduate,No,2679,1302.0,94.0,360.0,1.0,Semiurban,Y,3981.0,0.2611111111111111,0.02361215774930922
Male,No,0.0,Not Graduate,No,6783,0.0,130.0,360.0,1.0,Semiurban,Y,6783.0,0.3611111111111111,0.019165560961226596
Male,Yes,0.0,Graduate,No,1025,5500.0,216.0,360.0,1.0,Rural,Y,6525.0,0.6,0.03310344827586207
Male,Yes,0.0,Graduate,No,4281,0.0,100.0,360.0,1.0,Urban,Y,4281.0,0.2777777777777778,0.023359028264424198
Male,No,2.0,Graduate,No,3588,0.0,110.0,360.0,0.0,Rural,N,3588.0,0.3055555555555556,0.030657748049052396
Male,No,1.0,Graduate,No,11250,0.0,196.0,360.0,1.0,Semiurban,N,11250.0,0.5444444444444444,0.01742222222222222
Female,No,0.0,Not Graduate,Yes,18165,0.0,125.0,360.0,1.0,Urban,Y,18165.0,0.3472222222222222,0.006881365262868153
Male,No,0.0,Not Graduate,No,2550,2042.0,126.0,360.0,1.0,Rural,Y,4592.0,0.35,0.027439024390243903
Male,Yes,0.0,Graduate,No,6133,3906.0,324.0,360.0,1.0,Urban,Y,10039.0,0.9,0.03227413088953083
Male,No,2.0,Graduate,No,3617,0.0,107.0,360.0,1.0,Semiurban,Y,3617.0,0.2972222222222222,0.029582526956040918
Male,Yes,0.0,Not Graduate,No,2917,536.0,66.0,360.0,1.0,Rural,N,3453.0,0.18333333333333332,0.019113814074717638
Male,Yes,0.0,Graduate,No,6417,0.0,157.0,180.0,1.0,Rural,Y,6417.0,0.8722222222222222,0.02446626149290946
Female,Yes,1.0,Graduate,No,4608,2845.0,140.0,180.0,1.0,Semiurban,Y,7453.0,0.7777777777777778,0.018784382128002146
Female,No,0.0,Graduate,No,2138,0.0,99.0,360.0,0.0,Semiurban,N,2138.0,0.275,0.04630495790458372
Female,No,1.0,Graduate,No,3652,0.0,95.0,360.0,1.0,Semiurban,Y,3652.0,0.2638888888888889,0.026013143483023003
Male,Yes,1.0,Not Graduate,No,2239,2524.0,128.0,360.0,1.0,Urban,Y,4763.0,0.35555555555555557,0.026873819021625025
Female,Yes,0.0,Not Graduate,No,3017,663.0,102.0,360.0,1.0,Semiurban,Y,3680.0,0.2833333333333333,0.027717391304347826
Male,Yes,0.0,Graduate,No,2768,1950.0,155.0,360.0,1.0,Rural,Y,4718.0,0.4305555555555556,0.03285290377278508
Male,No,0.0,Not Graduate,No,3358,0.0,80.0,36.0,1.0,Semiurban,N,3358.0,2.2222222222222223,0.023823704586063133
Male,No,0.0,Graduate,No,2526,1783.0,145.0,360.0,1.0,Rural,Y,4309.0,0.4027777777777778,0.03365049895567417
Female,No,0.0,Graduate,No,5000,0.0,103.0,360.0,0.0,Semiurban,N,5000.0,0.2861111111111111,0.0206
Male,Yes,0.0,Graduate,No,2785,2016.0,110.0,360.0,1.0,Rural,Y,4801.0,0.3055555555555556,0.022911893355550928
Male,Yes,2.0,Graduate,Yes,6633,0.0,128.0,360.0,0.0,Rural,N,6633.0,0.36527777777777776,0.024139118809354668
Male,Yes,1.0,Not Graduate,No,2492,2375.0,128.0,360.0,1.0,Rural,Y,4867.0,0.36527777777777776,0.024139118809354668
Male,Yes,1.0,Graduate,No,3333,3250.0,158.0,360.0,1.0,Urban,Y,6583.0,0.4388888888888889,0.024001215251405136
Male,Yes,0.0,Not Graduate,No,2454,2333.0,181.0,360.0,0.0,Urban,N,4787.0,0.5027777777777778,0.03781073741382912
Male,Yes,0.0,Graduate,No,3593,4266.0,132.0,180.0,0.0,Rural,N,7859.0,0.7333333333333333,0.01679603002926581
Male,Yes,1.0,Graduate,No,5468,1032.0,26.0,360.0,1.0,Semiurban,Y,6500.0,0.07222222222222222,0.004
Female,No,0.0,Graduate,No,2667,1625.0,84.0,360.0,1.0,Urban,Y,4292.0,0.23333333333333334,0.0195712954333644
Male,Yes,0.0,Graduate,Yes,10139,0.0,260.0,360.0,1.0,Semiurban,Y,10139.0,0.7222222222222222,0.025643554591182564
Male,Yes,0.0,Graduate,No,3887,2669.0,162.0,360.0,1.0,Semiurban,Y,6556.0,0.45,0.02471018913971934
Female,Yes,0.0,Graduate,No,4180,2306.0,182.0,360.0,1.0,Semiurban,Y,6486.0,0.5055555555555555,0.028060437866173297
Male,Yes,2.0,Not Graduate,No,3675,242.0,108.0,360.0,1.0,Semiurban,Y,3917.0,0.3,0.027572121521572634
Female,Yes,1.0,Graduate,Yes,19484,0.0,600.0,360.0,1.0,Semiurban,Y,19484.0,1.6666666666666667,0.03079449804968179
Male,Yes,0.0,Graduate,No,5923,2054.0,211.0,360.0,1.0,Rural,Y,7977.0,0.5861111111111111,0.02645104675943337
Male,No,0.0,Not Graduate,Yes,5800,0.0,132.0,360.0,1.0,Semiurban,Y,5800.0,0.36666666666666664,0.022758620689655173
Male,Yes,2.0,Graduate,No,8799,0.0,258.0,360.0,0.0,Urban,N,8799.0,0.7166666666666667,0.029321513808387316
Male,Yes,0.0,Not Graduate,No,4467,0.0,120.0,360.0,1.0,Rural,Y,4467.0,0.3333333333333333,0.026863666890530557
Male,No,0.0,Graduate,No,3333,0.0,70.0,360.0,1.0,Urban,Y,3333.0,0.19444444444444445,0.021002100210021003
Male,Yes,0.0,Graduate,No,3400,2500.0,123.0,360.0,0.0,Rural,N,5900.0,0.3416666666666667,0.020847457627118645
Female,No,0.0,Graduate,No,2378,0.0,9.0,360.0,1.0,Urban,N,2378.0,0.025,0.0037846930193439865
Male,Yes,0.0,Graduate,No,3166,2064.0,104.0,360.0,0.0,Urban,N,5230.0,0.28888888888888886,0.01988527724665392
Male,Yes,1.0,Graduate,No,3417,1750.0,186.0,360.0,1.0,Urban,Y,5167.0,0.5166666666666667,0.035997677569189084
Male,Yes,0.0,Graduate,No,5116,1451.0,165.0,360.0,0.0,Urban,N,6567.0,0.4583333333333333,0.02512562814070352
Male,Yes,2.0,Graduate,No,16666,0.0,275.0,360.0,1.0,Urban,Y,16666.0,0.7638888888888888,0.016500660026401055
Male,Yes,2.0,Not Graduate,No,6125,1625.0,187.0,480.0,1.0,Semiurban,N,7750.0,0.38958333333333334,0.024129032258064516
Male,Yes,0.0,Graduate,No,6406,0.0,150.0,360.0,1.0,Semiurban,N,6406.0,0.4166666666666667,0.023415547923821417
Male,Yes,2.0,Graduate,No,3159,461.0,108.0,84.0,1.0,Urban,Y,3620.0,1.2857142857142858,0.02983425414364641
Male,Yes,0.0,Graduate,No,3087,2210.0,136.0,360.0,0.0,Semiurban,N,5297.0,0.37777777777777777,0.02567491032659996
Male,No,0.0,Graduate,No,3229,2739.0,110.0,360.0,1.0,Urban,Y,5968.0,0.3055555555555556,0.018431635388739945
Male,Yes,1.0,Graduate,No,1782,2232.0,107.0,360.0,1.0,Rural,Y,4014.0,0.2972222222222222,0.02665670154459392
Male,No,0.0,Graduate,No,3182,2917.0,161.0,360.0,1.0,Urban,Y,6099.0,0.44722222222222224,0.026397770126250206
Male,Yes,2.0,Graduate,No,6540,0.0,205.0,360.0,1.0,Semiurban,Y,6540.0,0.5694444444444444,0.03134556574923547
Male,No,0.0,Graduate,No,1836,33837.0,90.0,360.0,1.0,Urban,N,35673.0,0.25,0.0025229164914641325
Female,Yes,0.0,Graduate,No,3166,0.0,36.0,360.0,1.0,Semiurban,Y,3166.0,0.1,0.011370814908401769
Male,Yes,1.0,Graduate,No,1880,0.0,61.0,360.0,1.0,Rural,N,1880.0,0.16944444444444445,0.032446808510638296
Male,Yes,1.0,Graduate,No,2787,1917.0,146.0,360.0,0.0,Rural,N,4704.0,0.40555555555555556,0.031037414965986394
Male,Yes,1.0,Graduate,No,4283,3000.0,172.0,84.0,1.0,Rural,N,7283.0,2.0476190476190474,0.02361664149388988
Male,Yes,0.0,Graduate,No,2297,1522.0,104.0,360.0,1.0,Urban,Y,3819.0,0.28888888888888886,0.027232259753862266
Female,No,0.0,Not Graduate,No,2165,0.0,70.0,360.0,1.0,Semiurban,Y,2165.0,0.19444444444444445,0.03233256351039261
Male,No,0.0,Graduate,No,4750,0.0,94.0,360.0,1.0,Semiurban,Y,4750.0,0.2611111111111111,0.019789473684210527
Male,Yes,2.0,Graduate,Yes,2726,0.0,106.0,360.0,0.0,Semiurban,N,2726.0,0.29444444444444445,0.03888481291269259
Male,Yes,0.0,Graduate,No,3000,3416.0,56.0,180.0,1.0,Semiurban,Y,6416.0,0.3111111111111111,0.008728179551122194
Male,Yes,2.0,Graduate,Yes,6000,0.0,205.0,240.0,1.0,Semiurban,N,6000.0,0.8541666666666666,0.034166666666666665
Male,No,0.0,Graduate,Yes,9357,0.0,292.0,360.0,1.0,Semiurban,Y,9357.0,0.8111111111111111,0.031206583306615368
Male,Yes,0.0,Graduate,No,3859,3300.0,142.0,180.0,1.0,Rural,Y,7159.0,0.7888888888888889,0.019835172510127112
Male,Yes,0.0,Graduate,Yes,16120,0.0,260.0,360.0,1.0,Urban,Y,16120.0,0.7222222222222222,0.016129032258064516
Male,No,0.0,Not Graduate,No,3833,0.0,110.0,360.0,1.0,Rural,Y,3833.0,0.3055555555555556,0.02869814766501435
Male,Yes,2.0,Not Graduate,Yes,6383,1000.0,187.0,360.0,1.0,Rural,N,7383.0,0.5194444444444445,0.025328457266693756
Male,No,0.0,Graduate,No,2987,0.0,88.0,360.0,0.0,Semiurban,N,2987.0,0.24444444444444444,0.02946099765651155
Male,Yes,0.0,Graduate,Yes,9963,0.0,180.0,360.0,1.0,Rural,Y,9963.0,0.5,0.018066847335140017
Male,Yes,2.0,Graduate,No,5780,0.0,192.0,360.0,1.0,Urban,Y,5780.0,0.5333333333333333,0.03321799307958478
Female,No,0.0,Graduate,No,416,41667.0,350.0,180.0,1.0,Urban,N,42083.0,1.9444444444444444,0.00831689755958463
Male,Yes,0.0,Not Graduate,No,2894,2792.0,155.0,360.0,1.0,Rural,Y,5686.0,0.4305555555555556,0.027259936686598662
Male,Yes,0.0,Graduate,No,5703,0.0,128.0,360.0,1.0,Urban,Y,5703.0,0.35555555555555557,0.02244432754690514
Male,No,0.0,Graduate,No,3676,4301.0,172.0,360.0,1.0,Rural,Y,7977.0,0.4777777777777778,0.021561990723329573
Female,Yes,1.0,Graduate,No,12000,0.0,496.0,360.0,1.0,Semiurban,Y,12000.0,1.3777777777777778,0.04133333333333333
Male,Yes,0.0,Not Graduate,No,2400,3800.0,128.0,180.0,1.0,Urban,N,6200.0,0.36527777777777776,0.024139118809354668
Male,Yes,1.0,Graduate,No,3400,2500.0,173.0,360.0,1.0,Semiurban,Y,5900.0,0.48055555555555557,0.029322033898305084
Male,Yes,2.0,Not Graduate,No,3987,1411.0,157.0,360.0,1.0,Rural,Y,5398.0,0.4361111111111111,0.029084846239347907
Male,Yes,0.0,Graduate,No,3232,1950.0,108.0,360.0,1.0,Rural,Y,5182.0,0.3,0.020841373986877652
Female,No,0.0,Graduate,No,2900,0.0,71.0,360.0,1.0,Rural,Y,2900.0,0.19722222222222222,0.024482758620689656
Male,Yes,0.0,Graduate,No,4106,0.0,40.0,180.0,1.0,Rural,Y,4106.0,0.2222222222222222,0.00974184120798831
Male,Yes,1.0,Graduate,No,8072,240.0,253.0,360.0,1.0,Urban,Y,8312.0,0.7027777777777777,0.030437921077959576
Male,Yes,2.0,Graduate,No,7583,0.0,187.0,360.0,1.0,Urban,Y,7583.0,0.5194444444444445,0.024660424634049848
Female,No,0.0,Graduate,Yes,4583,0.0,133.0,360.0,0.0,Semiurban,N,4583.0,0.36944444444444446,0.02902029238490072
